[
  {
    "id": "e69e7eeb-db33-4276-9950-318b108217f7",
    "data": [
      {
        "text": "rações",
        "userDefined": false
      }
    ],
    "isTemplate": false,
    "count": 0,
    "lang": "pt-br",
    "updated": 0
  },
  {
    "id": "8cbb3562-98b7-4098-bc96-60e4765e4743",
    "data": [
      {
        "text": "promoções",
        "userDefined": false
      }
    ],
    "isTemplate": false,
    "count": 0,
    "lang": "pt-br",
    "updated": 0
  },
  {
    "id": "b366dad2-c899-4ed8-ac11-c0148e92af52",
    "data": [
      {
        "text": "tem ração",
        "userDefined": false
      }
    ],
    "isTemplate": false,
    "count": 0,
    "lang": "pt-br",
    "updated": 0
  },
  {
    "id": "ae906c2f-f88e-4007-9a78-f660a985b5a8",
    "data": [
      {
        "text": "produtos",
        "userDefined": false
      }
    ],
    "isTemplate": false,
    "count": 0,
    "lang": "pt-br",
    "updated": 0
  }
]