[
  {
    "id": "26097100-b5ef-4c75-9169-b7f271840511",
    "data": [
      {
        "text": "posso pedir",
        "userDefined": false
      }
    ],
    "isTemplate": false,
    "count": 0,
    "lang": "pt-br",
    "updated": 0
  },
  {
    "id": "a68f1b55-ddfb-4f04-9c9e-bde37c439a1c",
    "data": [
      {
        "text": "já escolhi",
        "userDefined": false
      }
    ],
    "isTemplate": false,
    "count": 0,
    "lang": "pt-br",
    "updated": 0
  },
  {
    "id": "273bb99a-caae-4813-ba7a-23a0b076d39a",
    "data": [
      {
        "text": "ok",
        "userDefined": false
      }
    ],
    "isTemplate": false,
    "count": 0,
    "lang": "pt-br",
    "updated": 0
  }
]