[
  {
    "id": "a5ee12f4-5575-47ab-9d1a-53df6b8d040b",
    "data": [
      {
        "text": "Consulta",
        "userDefined": false
      }
    ],
    "isTemplate": false,
    "count": 1,
    "lang": "pt-br",
    "updated": 0
  },
  {
    "id": "ab2970f6-1dd4-4e45-9ad7-9466eab45368",
    "data": [
      {
        "text": "animal doente",
        "userDefined": false
      }
    ],
    "isTemplate": false,
    "count": 0,
    "lang": "pt-br",
    "updated": 0
  },
  {
    "id": "cd36b9f6-c9ef-4ffc-96d3-b374f4487ed8",
    "data": [
      {
        "text": "emergência",
        "userDefined": false
      }
    ],
    "isTemplate": false,
    "count": 0,
    "lang": "pt-br",
    "updated": 0
  },
  {
    "id": "a37cf31f-9a52-4559-8363-9f049cfd9d6d",
    "data": [
      {
        "text": "tem horário",
        "userDefined": false
      }
    ],
    "isTemplate": false,
    "count": 0,
    "lang": "pt-br",
    "updated": 0
  },
  {
    "id": "e8f84415-a9d9-40d1-9603-e3f58db47bd7",
    "data": [
      {
        "text": "preciso de ",
        "userDefined": false
      },
      {
        "text": "uma",
        "userDefined": false
      },
      {
        "text": " consulta",
        "userDefined": false
      }
    ],
    "isTemplate": false,
    "count": 0,
    "lang": "pt-br",
    "updated": 0
  }
]