[
  {
    "id": "f8d508b4-c03e-4629-9b18-63a0b8b283d8",
    "data": [
      {
        "text": "amanhã às ",
        "userDefined": false
      },
      {
        "text": "8h",
        "meta": "@sys.time",
        "alias": "horario",
        "userDefined": true
      }
    ],
    "isTemplate": false,
    "count": 0,
    "lang": "pt-br",
    "updated": 0
  },
  {
    "id": "a2d44dfa-c001-4821-81cd-682830cc7193",
    "data": [
      {
        "text": "hoje",
        "userDefined": true
      },
      {
        "text": " às ",
        "userDefined": false
      },
      {
        "text": "15h",
        "meta": "@sys.time",
        "alias": "horario",
        "userDefined": true
      }
    ],
    "isTemplate": false,
    "count": 0,
    "lang": "pt-br",
    "updated": 0
  }
]