[
  {
    "id": "79c14760-3054-4dc6-ba8e-9c9e7bcb08fa",
    "data": [
      {
        "text": "Rua Aristóteles Martins ",
        "userDefined": false
      },
      {
        "text": "83",
        "userDefined": false
      },
      {
        "text": " - ",
        "userDefined": false
      },
      {
        "text": "Cohab",
        "userDefined": false
      },
      {
        "text": ".",
        "userDefined": false
      }
    ],
    "isTemplate": false,
    "count": 1,
    "lang": "pt-br",
    "updated": 0
  },
  {
    "id": "eecbdeec-50d9-4429-9d33-a81849fcc64b",
    "data": [
      {
        "text": "Avenida Manoel Goulart, ",
        "userDefined": false
      },
      {
        "text": "123",
        "userDefined": false
      },
      {
        "text": " - ",
        "userDefined": false
      },
      {
        "text": "Centro",
        "userDefined": false
      }
    ],
    "isTemplate": false,
    "count": 0,
    "lang": "pt-br",
    "updated": 0
  },
  {
    "id": "2c733ce6-2a2b-4e3a-a284-162aa4cdf477",
    "data": [
      {
        "text": "Rua xyz, ",
        "userDefined": false
      },
      {
        "text": "100",
        "userDefined": false
      },
      {
        "text": " - ",
        "userDefined": false
      },
      {
        "text": "Centro",
        "userDefined": false
      },
      {
        "text": ".",
        "userDefined": false
      }
    ],
    "isTemplate": false,
    "count": 0,
    "lang": "pt-br",
    "updated": 0
  }
]