[
  {
    "id": "9a1972c5-dff9-4dcc-a501-21a5c6044b28",
    "data": [
      {
        "text": "funcionamento",
        "userDefined": false
      }
    ],
    "isTemplate": false,
    "count": 1,
    "lang": "pt-br",
    "updated": 0
  },
  {
    "id": "de8b9e64-bd70-4268-a564-858a387b4b6f",
    "data": [
      {
        "text": "está aberto?",
        "userDefined": false
      }
    ],
    "isTemplate": false,
    "count": 0,
    "lang": "pt-br",
    "updated": 0
  },
  {
    "id": "2593c977-1a3b-4925-b829-99a204083fdd",
    "data": [
      {
        "text": "atendimento?",
        "userDefined": false
      }
    ],
    "isTemplate": false,
    "count": 0,
    "lang": "pt-br",
    "updated": 0
  },
  {
    "id": "0092e655-f5ca-4bc6-89af-59a99caf1f74",
    "data": [
      {
        "text": "Qual o horário de atendimento?",
        "userDefined": false
      }
    ],
    "isTemplate": false,
    "count": 0,
    "lang": "pt-br",
    "updated": 0
  },
  {
    "id": "4984d955-318b-4b18-b166-36569a9e8ec8",
    "data": [
      {
        "text": "qual o horário de funcionamento?",
        "userDefined": false
      }
    ],
    "isTemplate": false,
    "count": 0,
    "lang": "pt-br",
    "updated": 0
  }
]