[
  {
    "id": "f5ceec1f-95b7-4d5c-8235-a5bc9d9d701e",
    "data": [
      {
        "text": "qual a localização",
        "userDefined": false
      }
    ],
    "isTemplate": false,
    "count": 0,
    "lang": "pt-br",
    "updated": 0
  },
  {
    "id": "d5a23181-3ade-4025-929b-c5e5fa1057e1",
    "data": [
      {
        "text": "como eu encontro",
        "userDefined": false
      }
    ],
    "isTemplate": false,
    "count": 0,
    "lang": "pt-br",
    "updated": 0
  },
  {
    "id": "ba73b1ae-3661-473e-8ab7-b883c3585fb6",
    "data": [
      {
        "text": "onde fica",
        "userDefined": false
      }
    ],
    "isTemplate": false,
    "count": 0,
    "lang": "pt-br",
    "updated": 0
  },
  {
    "id": "afbfd2dd-f057-4fa5-b775-93336da7c3fa",
    "data": [
      {
        "text": "localização",
        "userDefined": false
      }
    ],
    "isTemplate": false,
    "count": 0,
    "lang": "pt-br",
    "updated": 0
  },
  {
    "id": "3edb10ef-92ad-4afa-9bf8-fefc10d934df",
    "data": [
      {
        "text": "qual o endereço",
        "userDefined": false
      }
    ],
    "isTemplate": false,
    "count": 0,
    "lang": "pt-br",
    "updated": 0
  }
]