[
  {
    "value": "special dog",
    "synonyms": [
      "special dog",
      "specialdog"
    ]
  },
  {
    "value": "biscoito pedigree",
    "synonyms": [
      "pedigree",
      "biscoito pedigree",
      "biscoitos pedigree"
    ]
  },
  {
    "value": "ração seca premier golden",
    "synonyms": [
      "ração seca premier golden",
      "ração para gatos",
      "golden"
    ]
  },
  {
    "value": "caixa de transporte",
    "synonyms": [
      "caixa de transporte"
    ]
  },
  {
    "value": "brinquedo",
    "synonyms": [
      "brinquedo",
      "varinha"
    ]
  },
  {
    "value": "comedouro",
    "synonyms": [
      "comedouro"
    ]
  }
]